name,rollno,username,password,email,role
user 1,1,user1,user1,user1@user.com,Student
user 2,2,user2,user2,user2@user.com,Student
user 3,3,user3,user3,user3@user.com,Student
user 4,4,user4,user4,user4@user.com,Student
user 5,5,user5,user5,user5@user.com,Student
user 6,6,user6,user6,user6@user.com,Student
user 7,7,user7,user7,user7@user.com,Student
user 8,8,user8,user8,user8@user.com,Student
user 9,9,user9,user9,user9@user.com,Student
user 10,10,user10,user10,user10@user.com,Student
user 11,11,user11,user11,user11@user.com,Student
user 12,12,user12,user12,user12@user.com,Student
user 13,13,user13,user13,user13@user.com,Student
user 14,14,user14,user14,user14@user.com,Student
user 15,15,user15,user15,user15@user.com,Student
user 16,16,user16,user16,user16@user.com,Student
user 17,17,user17,user17,user17@user.com,Student
user 18,18,user18,user18,user18@user.com,Student
user 19,19,user19,user19,user19@user.com,Student
user 20,20,user20,user20,user20@user.com,Student
user 21,21,user21,user21,user21@user.com,Student
user 22,22,user22,user22,user22@user.com,Student
user 23,23,user23,user23,user23@user.com,Student
user 24,24,user24,user24,user24@user.com,Student
user 25,25,user25,user25,user25@user.com,Student
user 26,26,user26,user26,user26@user.com,Student
user 27,27,user27,user27,user27@user.com,Student
user 28,28,user28,user28,user28@user.com,Student
user 29,29,user29,user29,user29@user.com,Student
user 30,30,user30,user30,user30@user.com,Student
user 31,31,user31,user31,user31@user.com,Student
user 32,32,user32,user32,user32@user.com,Student
user 33,33,user33,user33,user33@user.com,Student
user 34,34,user34,user34,user34@user.com,Student
user 35,35,user35,user35,user35@user.com,Student
user 36,36,user36,user36,user36@user.com,Student
user 37,37,user37,user37,user37@user.com,Student
user 38,38,user38,user38,user38@user.com,Student
user 39,39,user39,user39,user39@user.com,Student
user 40,40,user40,user40,user40@user.com,Student
user 41,41,user41,user41,user41@user.com,Student
user 42,42,user42,user42,user42@user.com,Student
user 43,43,user43,user43,user43@user.com,Student
user 44,44,user44,user44,user44@user.com,Student
user 45,45,user45,user45,user45@user.com,Student
user 46,46,user46,user46,user46@user.com,Student
user 47,47,user47,user47,user47@user.com,Student
user 48,48,user48,user48,user48@user.com,Student
user 49,49,user49,user49,user49@user.com,Student
user 50,50,user50,user50,user50@user.com,Student
user 51,51,user51,user51,user51@user.com,Student
user 52,52,user52,user52,user52@user.com,Student
user 53,53,user53,user53,user53@user.com,Student
user 54,54,user54,user54,user54@user.com,Student
user 55,55,user55,user55,user55@user.com,Student
user 56,56,user56,user56,user56@user.com,Student
user 57,57,user57,user57,user57@user.com,Student
user 58,58,user58,user58,user58@user.com,Student
user 59,59,user59,user59,user59@user.com,Student
user 60,60,user60,user60,user60@user.com,Student
user 61,61,user61,user61,user61@user.com,Student
user 62,62,user62,user62,user62@user.com,Student
user 63,63,user63,user63,user63@user.com,Student
user 64,64,user64,user64,user64@user.com,Student
user 65,65,user65,user65,user65@user.com,Student
user 66,66,user66,user66,user66@user.com,Student
user 67,67,user67,user67,user67@user.com,Student
user 68,68,user68,user68,user68@user.com,Student
user 69,69,user69,user69,user69@user.com,Student
user 70,70,user70,user70,user70@user.com,Student
user 71,71,user71,user71,user71@user.com,Student
user 72,72,user72,user72,user72@user.com,Student
user 73,73,user73,user73,user73@user.com,Student
user 74,74,user74,user74,user74@user.com,Student
user 75,75,user75,user75,user75@user.com,Student
user 76,76,user76,user76,user76@user.com,Student
user 77,77,user77,user77,user77@user.com,Student
user 78,78,user78,user78,user78@user.com,Student
user 79,79,user79,user79,user79@user.com,Student
user 80,80,user80,user80,user80@user.com,Student
user 81,81,user81,user81,user81@user.com,Student
user 82,82,user82,user82,user82@user.com,Student
user 83,83,user83,user83,user83@user.com,Student
user 84,84,user84,user84,user84@user.com,Student
user 85,85,user85,user85,user85@user.com,Student
user 86,86,user86,user86,user86@user.com,Student
user 87,87,user87,user87,user87@user.com,Student
user 88,88,user88,user88,user88@user.com,Student
user 89,89,user89,user89,user89@user.com,Student
user 90,90,user90,user90,user90@user.com,Student
user 91,91,user91,user91,user91@user.com,Student
user 92,92,user92,user92,user92@user.com,Student
user 93,93,user93,user93,user93@user.com,Student
user 94,94,user94,user94,user94@user.com,Student
user 95,95,user95,user95,user95@user.com,Student
user 96,96,user96,user96,user96@user.com,Student
user 97,97,user97,user97,user97@user.com,Student
user 98,98,user98,user98,user98@user.com,Student
user 99,99,user99,user99,user99@user.com,Student
user 100,100,user100,user100,user100@user.com,Student
user 101,101,user101,user101,user101@user.com,Student
user 102,102,user102,user102,user102@user.com,Student
user 103,103,user103,user103,user103@user.com,Student
user 104,104,user104,user104,user104@user.com,Student
user 105,105,user105,user105,user105@user.com,Student
user 106,106,user106,user106,user106@user.com,Student
user 107,107,user107,user107,user107@user.com,Student
user 108,108,user108,user108,user108@user.com,Student
user 109,109,user109,user109,user109@user.com,Student
user 110,110,user110,user110,user110@user.com,Student
user 111,111,user111,user111,user111@user.com,Student
user 112,112,user112,user112,user112@user.com,Student
user 113,113,user113,user113,user113@user.com,Student
user 114,114,user114,user114,user114@user.com,Student
user 115,115,user115,user115,user115@user.com,Student
user 116,116,user116,user116,user116@user.com,Student
user 117,117,user117,user117,user117@user.com,Student
user 118,118,user118,user118,user118@user.com,Student
user 119,119,user119,user119,user119@user.com,Student
user 120,120,user120,user120,user120@user.com,Student
user 121,121,user121,user121,user121@user.com,Student
user 122,122,user122,user122,user122@user.com,Student
user 123,123,user123,user123,user123@user.com,Student
user 124,124,user124,user124,user124@user.com,Student
user 125,125,user125,user125,user125@user.com,Student
user 126,126,user126,user126,user126@user.com,Student
user 127,127,user127,user127,user127@user.com,Student
user 128,128,user128,user128,user128@user.com,Student
user 129,129,user129,user129,user129@user.com,Student
user 130,130,user130,user130,user130@user.com,Student
user 131,131,user131,user131,user131@user.com,Student
user 132,132,user132,user132,user132@user.com,Student
user 133,133,user133,user133,user133@user.com,Student
user 134,134,user134,user134,user134@user.com,Student
user 135,135,user135,user135,user135@user.com,Student
user 136,136,user136,user136,user136@user.com,Student
user 137,137,user137,user137,user137@user.com,Student
user 138,138,user138,user138,user138@user.com,Student
user 139,139,user139,user139,user139@user.com,Student
user 140,140,user140,user140,user140@user.com,Student
user 141,141,user141,user141,user141@user.com,Student
user 142,142,user142,user142,user142@user.com,Student
user 143,143,user143,user143,user143@user.com,Student
user 144,144,user144,user144,user144@user.com,Student
user 145,145,user145,user145,user145@user.com,Student
user 146,146,user146,user146,user146@user.com,Student
user 147,147,user147,user147,user147@user.com,Student
user 148,148,user148,user148,user148@user.com,Student
user 149,149,user149,user149,user149@user.com,Student
user 150,150,user150,user150,user150@user.com,Student
user 151,151,user151,user151,user151@user.com,Student
user 152,152,user152,user152,user152@user.com,Student
user 153,153,user153,user153,user153@user.com,Student
user 154,154,user154,user154,user154@user.com,Student
user 155,155,user155,user155,user155@user.com,Student
user 156,156,user156,user156,user156@user.com,Student
user 157,157,user157,user157,user157@user.com,Student
user 158,158,user158,user158,user158@user.com,Student
user 159,159,user159,user159,user159@user.com,Student
user 160,160,user160,user160,user160@user.com,Student
user 161,161,user161,user161,user161@user.com,Student
user 162,162,user162,user162,user162@user.com,Student
user 163,163,user163,user163,user163@user.com,Student
user 164,164,user164,user164,user164@user.com,Student
user 165,165,user165,user165,user165@user.com,Student
user 166,166,user166,user166,user166@user.com,Student
user 167,167,user167,user167,user167@user.com,Student
user 168,168,user168,user168,user168@user.com,Student
user 169,169,user169,user169,user169@user.com,Student
user 170,170,user170,user170,user170@user.com,Student
user 171,171,user171,user171,user171@user.com,Student
user 172,172,user172,user172,user172@user.com,Student
user 173,173,user173,user173,user173@user.com,Student
user 174,174,user174,user174,user174@user.com,Student
user 175,175,user175,user175,user175@user.com,Student
user 176,176,user176,user176,user176@user.com,Student
user 177,177,user177,user177,user177@user.com,Student
user 178,178,user178,user178,user178@user.com,Student
user 179,179,user179,user179,user179@user.com,Student
user 180,180,user180,user180,user180@user.com,Student
user 181,181,user181,user181,user181@user.com,Student
user 182,182,user182,user182,user182@user.com,Student
user 183,183,user183,user183,user183@user.com,Student
user 184,184,user184,user184,user184@user.com,Student
user 185,185,user185,user185,user185@user.com,Student
user 186,186,user186,user186,user186@user.com,Student
user 187,187,user187,user187,user187@user.com,Student
user 188,188,user188,user188,user188@user.com,Student
user 189,189,user189,user189,user189@user.com,Student
user 190,190,user190,user190,user190@user.com,Student
user 191,191,user191,user191,user191@user.com,Student
user 192,192,user192,user192,user192@user.com,Student
user 193,193,user193,user193,user193@user.com,Student
user 194,194,user194,user194,user194@user.com,Student
user 195,195,user195,user195,user195@user.com,Student
user 196,196,user196,user196,user196@user.com,Student
user 197,197,user197,user197,user197@user.com,Student
user 198,198,user198,user198,user198@user.com,Student
user 199,199,user199,user199,user199@user.com,Student
user 200,200,user200,user200,user200@user.com,Student
user 201,201,user201,user201,user201@user.com,Student
user 202,202,user202,user202,user202@user.com,Student
user 203,203,user203,user203,user203@user.com,Student
user 204,204,user204,user204,user204@user.com,Student
user 205,205,user205,user205,user205@user.com,Student
user 206,206,user206,user206,user206@user.com,Student
user 207,207,user207,user207,user207@user.com,Student
user 208,208,user208,user208,user208@user.com,Student
user 209,209,user209,user209,user209@user.com,Student
user 210,210,user210,user210,user210@user.com,Student
user 211,211,user211,user211,user211@user.com,Student
user 212,212,user212,user212,user212@user.com,Student
user 213,213,user213,user213,user213@user.com,Student
user 214,214,user214,user214,user214@user.com,Student
user 215,215,user215,user215,user215@user.com,Student
user 216,216,user216,user216,user216@user.com,Student
user 217,217,user217,user217,user217@user.com,Student
user 218,218,user218,user218,user218@user.com,Student
user 219,219,user219,user219,user219@user.com,Student
user 220,220,user220,user220,user220@user.com,Student
user 221,221,user221,user221,user221@user.com,Student
user 222,222,user222,user222,user222@user.com,Student
user 223,223,user223,user223,user223@user.com,Student
user 224,224,user224,user224,user224@user.com,Student
user 225,225,user225,user225,user225@user.com,Student
user 226,226,user226,user226,user226@user.com,Student
user 227,227,user227,user227,user227@user.com,Student
user 228,228,user228,user228,user228@user.com,Student
user 229,229,user229,user229,user229@user.com,Student
user 230,230,user230,user230,user230@user.com,Student
user 231,231,user231,user231,user231@user.com,Student
user 232,232,user232,user232,user232@user.com,Student
user 233,233,user233,user233,user233@user.com,Student
user 234,234,user234,user234,user234@user.com,Student
user 235,235,user235,user235,user235@user.com,Student
user 236,236,user236,user236,user236@user.com,Student
user 237,237,user237,user237,user237@user.com,Student
user 238,238,user238,user238,user238@user.com,Student
user 239,239,user239,user239,user239@user.com,Student
user 240,240,user240,user240,user240@user.com,Student
user 241,241,user241,user241,user241@user.com,Student
user 242,242,user242,user242,user242@user.com,Student
user 243,243,user243,user243,user243@user.com,Student
user 244,244,user244,user244,user244@user.com,Student
user 245,245,user245,user245,user245@user.com,Student
user 246,246,user246,user246,user246@user.com,Student
user 247,247,user247,user247,user247@user.com,Student
user 248,248,user248,user248,user248@user.com,Student
user 249,249,user249,user249,user249@user.com,Student
user 250,250,user250,user250,user250@user.com,Student
user 251,251,user251,user251,user251@user.com,Student
user 252,252,user252,user252,user252@user.com,Student
user 253,253,user253,user253,user253@user.com,Student
user 254,254,user254,user254,user254@user.com,Student
user 255,255,user255,user255,user255@user.com,Student
user 256,256,user256,user256,user256@user.com,Student
user 257,257,user257,user257,user257@user.com,Student
user 258,258,user258,user258,user258@user.com,Student
user 259,259,user259,user259,user259@user.com,Student
user 260,260,user260,user260,user260@user.com,Student
user 261,261,user261,user261,user261@user.com,Student
user 262,262,user262,user262,user262@user.com,Student
user 263,263,user263,user263,user263@user.com,Student
user 264,264,user264,user264,user264@user.com,Student
user 265,265,user265,user265,user265@user.com,Student
user 266,266,user266,user266,user266@user.com,Student
user 267,267,user267,user267,user267@user.com,Student
user 268,268,user268,user268,user268@user.com,Student
user 269,269,user269,user269,user269@user.com,Student
user 270,270,user270,user270,user270@user.com,Student
user 271,271,user271,user271,user271@user.com,Student
user 272,272,user272,user272,user272@user.com,Student
user 273,273,user273,user273,user273@user.com,Student
user 274,274,user274,user274,user274@user.com,Student
user 275,275,user275,user275,user275@user.com,Student
user 276,276,user276,user276,user276@user.com,Student
user 277,277,user277,user277,user277@user.com,Student
user 278,278,user278,user278,user278@user.com,Student
user 279,279,user279,user279,user279@user.com,Student
user 280,280,user280,user280,user280@user.com,Student
user 281,281,user281,user281,user281@user.com,Student
user 282,282,user282,user282,user282@user.com,Student
user 283,283,user283,user283,user283@user.com,Student
user 284,284,user284,user284,user284@user.com,Student
user 285,285,user285,user285,user285@user.com,Student
user 286,286,user286,user286,user286@user.com,Student
user 287,287,user287,user287,user287@user.com,Student
user 288,288,user288,user288,user288@user.com,Student
user 289,289,user289,user289,user289@user.com,Student
user 290,290,user290,user290,user290@user.com,Student
user 291,291,user291,user291,user291@user.com,Student
user 292,292,user292,user292,user292@user.com,Student
user 293,293,user293,user293,user293@user.com,Student
user 294,294,user294,user294,user294@user.com,Student
user 295,295,user295,user295,user295@user.com,Student
user 296,296,user296,user296,user296@user.com,Student
user 297,297,user297,user297,user297@user.com,Student
user 298,298,user298,user298,user298@user.com,Student
user 299,299,user299,user299,user299@user.com,Student
user 300,300,user300,user300,user300@user.com,Student
user 301,301,user301,user301,user301@user.com,Student
user 302,302,user302,user302,user302@user.com,Student
user 303,303,user303,user303,user303@user.com,Student
user 304,304,user304,user304,user304@user.com,Student
user 305,305,user305,user305,user305@user.com,Student
user 306,306,user306,user306,user306@user.com,Student
user 307,307,user307,user307,user307@user.com,Student
user 308,308,user308,user308,user308@user.com,Student
user 309,309,user309,user309,user309@user.com,Student
user 310,310,user310,user310,user310@user.com,Student
user 311,311,user311,user311,user311@user.com,Student
user 312,312,user312,user312,user312@user.com,Student
user 313,313,user313,user313,user313@user.com,Student
user 314,314,user314,user314,user314@user.com,Student
user 315,315,user315,user315,user315@user.com,Student
user 316,316,user316,user316,user316@user.com,Student
user 317,317,user317,user317,user317@user.com,Student
user 318,318,user318,user318,user318@user.com,Student
user 319,319,user319,user319,user319@user.com,Student
user 320,320,user320,user320,user320@user.com,Student
user 321,321,user321,user321,user321@user.com,Student
user 322,322,user322,user322,user322@user.com,Student
user 323,323,user323,user323,user323@user.com,Student
user 324,324,user324,user324,user324@user.com,Student
user 325,325,user325,user325,user325@user.com,Student
user 326,326,user326,user326,user326@user.com,Student
user 327,327,user327,user327,user327@user.com,Student
user 328,328,user328,user328,user328@user.com,Student
user 329,329,user329,user329,user329@user.com,Student
user 330,330,user330,user330,user330@user.com,Student
user 331,331,user331,user331,user331@user.com,Student
user 332,332,user332,user332,user332@user.com,Student
user 333,333,user333,user333,user333@user.com,Student
user 334,334,user334,user334,user334@user.com,Student
user 335,335,user335,user335,user335@user.com,Student
user 336,336,user336,user336,user336@user.com,Student
user 337,337,user337,user337,user337@user.com,Student
user 338,338,user338,user338,user338@user.com,Student
user 339,339,user339,user339,user339@user.com,Student
user 340,340,user340,user340,user340@user.com,Student
user 341,341,user341,user341,user341@user.com,Student
user 342,342,user342,user342,user342@user.com,Student
user 343,343,user343,user343,user343@user.com,Student
user 344,344,user344,user344,user344@user.com,Student
user 345,345,user345,user345,user345@user.com,Student
user 346,346,user346,user346,user346@user.com,Student
user 347,347,user347,user347,user347@user.com,Student
user 348,348,user348,user348,user348@user.com,Student
user 349,349,user349,user349,user349@user.com,Student
user 350,350,user350,user350,user350@user.com,Student
user 351,351,user351,user351,user351@user.com,Student
user 352,352,user352,user352,user352@user.com,Student
user 353,353,user353,user353,user353@user.com,Student
user 354,354,user354,user354,user354@user.com,Student
user 355,355,user355,user355,user355@user.com,Student
user 356,356,user356,user356,user356@user.com,Student
user 357,357,user357,user357,user357@user.com,Student
user 358,358,user358,user358,user358@user.com,Student
user 359,359,user359,user359,user359@user.com,Student
user 360,360,user360,user360,user360@user.com,Student
user 361,361,user361,user361,user361@user.com,Student
user 362,362,user362,user362,user362@user.com,Student
user 363,363,user363,user363,user363@user.com,Student
user 364,364,user364,user364,user364@user.com,Student
user 365,365,user365,user365,user365@user.com,Student
user 366,366,user366,user366,user366@user.com,Student
user 367,367,user367,user367,user367@user.com,Student
user 368,368,user368,user368,user368@user.com,Student
user 369,369,user369,user369,user369@user.com,Student
user 370,370,user370,user370,user370@user.com,Student
user 371,371,user371,user371,user371@user.com,Student
user 372,372,user372,user372,user372@user.com,Student
user 373,373,user373,user373,user373@user.com,Student
user 374,374,user374,user374,user374@user.com,Student
user 375,375,user375,user375,user375@user.com,Student
user 376,376,user376,user376,user376@user.com,Student
user 377,377,user377,user377,user377@user.com,Student
user 378,378,user378,user378,user378@user.com,Student
user 379,379,user379,user379,user379@user.com,Student
user 380,380,user380,user380,user380@user.com,Student
user 381,381,user381,user381,user381@user.com,Student
user 382,382,user382,user382,user382@user.com,Student
user 383,383,user383,user383,user383@user.com,Student
user 384,384,user384,user384,user384@user.com,Student
user 385,385,user385,user385,user385@user.com,Student
user 386,386,user386,user386,user386@user.com,Student
user 387,387,user387,user387,user387@user.com,Student
user 388,388,user388,user388,user388@user.com,Student
user 389,389,user389,user389,user389@user.com,Student
user 390,390,user390,user390,user390@user.com,Student
user 391,391,user391,user391,user391@user.com,Student
user 392,392,user392,user392,user392@user.com,Student
user 393,393,user393,user393,user393@user.com,Student
user 394,394,user394,user394,user394@user.com,Student
user 395,395,user395,user395,user395@user.com,Student
user 396,396,user396,user396,user396@user.com,Student
user 397,397,user397,user397,user397@user.com,Student
user 398,398,user398,user398,user398@user.com,Student
user 399,399,user399,user399,user399@user.com,Student
user 400,400,user400,user400,user400@user.com,Student
user 401,401,user401,user401,user401@user.com,Student
user 402,402,user402,user402,user402@user.com,Student
user 403,403,user403,user403,user403@user.com,Student
user 404,404,user404,user404,user404@user.com,Student
user 405,405,user405,user405,user405@user.com,Student
user 406,406,user406,user406,user406@user.com,Student
user 407,407,user407,user407,user407@user.com,Student
user 408,408,user408,user408,user408@user.com,Student
user 409,409,user409,user409,user409@user.com,Student
user 410,410,user410,user410,user410@user.com,Student
user 411,411,user411,user411,user411@user.com,Student
user 412,412,user412,user412,user412@user.com,Student
user 413,413,user413,user413,user413@user.com,Student
user 414,414,user414,user414,user414@user.com,Student
user 415,415,user415,user415,user415@user.com,Student
user 416,416,user416,user416,user416@user.com,Student
user 417,417,user417,user417,user417@user.com,Student
user 418,418,user418,user418,user418@user.com,Student
user 419,419,user419,user419,user419@user.com,Student
user 420,420,user420,user420,user420@user.com,Student
user 421,421,user421,user421,user421@user.com,Student
user 422,422,user422,user422,user422@user.com,Student
user 423,423,user423,user423,user423@user.com,Student
user 424,424,user424,user424,user424@user.com,Student
user 425,425,user425,user425,user425@user.com,Student
user 426,426,user426,user426,user426@user.com,Student
user 427,427,user427,user427,user427@user.com,Student
user 428,428,user428,user428,user428@user.com,Student
user 429,429,user429,user429,user429@user.com,Student
user 430,430,user430,user430,user430@user.com,Student
user 431,431,user431,user431,user431@user.com,Student
user 432,432,user432,user432,user432@user.com,Student
user 433,433,user433,user433,user433@user.com,Student
user 434,434,user434,user434,user434@user.com,Student
user 435,435,user435,user435,user435@user.com,Student
user 436,436,user436,user436,user436@user.com,Student
user 437,437,user437,user437,user437@user.com,Student
user 438,438,user438,user438,user438@user.com,Student
user 439,439,user439,user439,user439@user.com,Student
user 440,440,user440,user440,user440@user.com,Student
user 441,441,user441,user441,user441@user.com,Student
user 442,442,user442,user442,user442@user.com,Student
user 443,443,user443,user443,user443@user.com,Student
user 444,444,user444,user444,user444@user.com,Student
user 445,445,user445,user445,user445@user.com,Student
user 446,446,user446,user446,user446@user.com,Student
user 447,447,user447,user447,user447@user.com,Student
user 448,448,user448,user448,user448@user.com,Student
user 449,449,user449,user449,user449@user.com,Student
user 450,450,user450,user450,user450@user.com,Student
user 451,451,user451,user451,user451@user.com,Student
user 452,452,user452,user452,user452@user.com,Student
user 453,453,user453,user453,user453@user.com,Student
user 454,454,user454,user454,user454@user.com,Student
user 455,455,user455,user455,user455@user.com,Student
user 456,456,user456,user456,user456@user.com,Student
user 457,457,user457,user457,user457@user.com,Student
user 458,458,user458,user458,user458@user.com,Student
user 459,459,user459,user459,user459@user.com,Student
user 460,460,user460,user460,user460@user.com,Student
user 461,461,user461,user461,user461@user.com,Student
user 462,462,user462,user462,user462@user.com,Student
user 463,463,user463,user463,user463@user.com,Student
user 464,464,user464,user464,user464@user.com,Student
user 465,465,user465,user465,user465@user.com,Student
user 466,466,user466,user466,user466@user.com,Student
user 467,467,user467,user467,user467@user.com,Student
user 468,468,user468,user468,user468@user.com,Student
user 469,469,user469,user469,user469@user.com,Student
user 470,470,user470,user470,user470@user.com,Student
user 471,471,user471,user471,user471@user.com,Student
user 472,472,user472,user472,user472@user.com,Student
user 473,473,user473,user473,user473@user.com,Student
user 474,474,user474,user474,user474@user.com,Student
user 475,475,user475,user475,user475@user.com,Student
user 476,476,user476,user476,user476@user.com,Student
user 477,477,user477,user477,user477@user.com,Student
user 478,478,user478,user478,user478@user.com,Student
user 479,479,user479,user479,user479@user.com,Student
user 480,480,user480,user480,user480@user.com,Student
user 481,481,user481,user481,user481@user.com,Student
user 482,482,user482,user482,user482@user.com,Student
user 483,483,user483,user483,user483@user.com,Student
user 484,484,user484,user484,user484@user.com,Student
user 485,485,user485,user485,user485@user.com,Student
user 486,486,user486,user486,user486@user.com,Student
user 487,487,user487,user487,user487@user.com,Student
user 488,488,user488,user488,user488@user.com,Student
user 489,489,user489,user489,user489@user.com,Student
user 490,490,user490,user490,user490@user.com,Student
user 491,491,user491,user491,user491@user.com,Student
user 492,492,user492,user492,user492@user.com,Student
user 493,493,user493,user493,user493@user.com,Student
user 494,494,user494,user494,user494@user.com,Student
user 495,495,user495,user495,user495@user.com,Student
user 496,496,user496,user496,user496@user.com,Student
user 497,497,user497,user497,user497@user.com,Student
user 498,498,user498,user498,user498@user.com,Student
user 499,499,user499,user499,user499@user.com,Student
user 500,500,user500,user500,user500@user.com,Student
user 501,501,user501,user501,user501@user.com,Student
user 502,502,user502,user502,user502@user.com,Student
user 503,503,user503,user503,user503@user.com,Student
user 504,504,user504,user504,user504@user.com,Student
user 505,505,user505,user505,user505@user.com,Student
user 506,506,user506,user506,user506@user.com,Student
user 507,507,user507,user507,user507@user.com,Student
user 508,508,user508,user508,user508@user.com,Student
user 509,509,user509,user509,user509@user.com,Student
user 510,510,user510,user510,user510@user.com,Student
user 511,511,user511,user511,user511@user.com,Student
user 512,512,user512,user512,user512@user.com,Student
user 513,513,user513,user513,user513@user.com,Student
user 514,514,user514,user514,user514@user.com,Student
user 515,515,user515,user515,user515@user.com,Student
user 516,516,user516,user516,user516@user.com,Student
user 517,517,user517,user517,user517@user.com,Student
user 518,518,user518,user518,user518@user.com,Student
user 519,519,user519,user519,user519@user.com,Student
user 520,520,user520,user520,user520@user.com,Student
user 521,521,user521,user521,user521@user.com,Student
user 522,522,user522,user522,user522@user.com,Student
user 523,523,user523,user523,user523@user.com,Student
user 524,524,user524,user524,user524@user.com,Student
user 525,525,user525,user525,user525@user.com,Student
user 526,526,user526,user526,user526@user.com,Student
user 527,527,user527,user527,user527@user.com,Student
user 528,528,user528,user528,user528@user.com,Student
user 529,529,user529,user529,user529@user.com,Student
user 530,530,user530,user530,user530@user.com,Student
user 531,531,user531,user531,user531@user.com,Student
user 532,532,user532,user532,user532@user.com,Student
user 533,533,user533,user533,user533@user.com,Student
user 534,534,user534,user534,user534@user.com,Student
user 535,535,user535,user535,user535@user.com,Student
user 536,536,user536,user536,user536@user.com,Student
user 537,537,user537,user537,user537@user.com,Student
user 538,538,user538,user538,user538@user.com,Student
user 539,539,user539,user539,user539@user.com,Student
user 540,540,user540,user540,user540@user.com,Student
user 541,541,user541,user541,user541@user.com,Student
user 542,542,user542,user542,user542@user.com,Student
user 543,543,user543,user543,user543@user.com,Student
user 544,544,user544,user544,user544@user.com,Student
user 545,545,user545,user545,user545@user.com,Student
user 546,546,user546,user546,user546@user.com,Student
user 547,547,user547,user547,user547@user.com,Student
user 548,548,user548,user548,user548@user.com,Student
user 549,549,user549,user549,user549@user.com,Student
user 550,550,user550,user550,user550@user.com,Student
user 551,551,user551,user551,user551@user.com,Student
user 552,552,user552,user552,user552@user.com,Student
user 553,553,user553,user553,user553@user.com,Student
user 554,554,user554,user554,user554@user.com,Student
user 555,555,user555,user555,user555@user.com,Student
user 556,556,user556,user556,user556@user.com,Student
user 557,557,user557,user557,user557@user.com,Student
user 558,558,user558,user558,user558@user.com,Student
user 559,559,user559,user559,user559@user.com,Student
user 560,560,user560,user560,user560@user.com,Student
user 561,561,user561,user561,user561@user.com,Student
user 562,562,user562,user562,user562@user.com,Student
user 563,563,user563,user563,user563@user.com,Student
user 564,564,user564,user564,user564@user.com,Student
user 565,565,user565,user565,user565@user.com,Student
user 566,566,user566,user566,user566@user.com,Student
user 567,567,user567,user567,user567@user.com,Student
user 568,568,user568,user568,user568@user.com,Student
user 569,569,user569,user569,user569@user.com,Student
user 570,570,user570,user570,user570@user.com,Student
user 571,571,user571,user571,user571@user.com,Student
user 572,572,user572,user572,user572@user.com,Student
user 573,573,user573,user573,user573@user.com,Student
user 574,574,user574,user574,user574@user.com,Student
user 575,575,user575,user575,user575@user.com,Student
user 576,576,user576,user576,user576@user.com,Student
user 577,577,user577,user577,user577@user.com,Student
user 578,578,user578,user578,user578@user.com,Student
user 579,579,user579,user579,user579@user.com,Student
user 580,580,user580,user580,user580@user.com,Student
user 581,581,user581,user581,user581@user.com,Student
user 582,582,user582,user582,user582@user.com,Student
user 583,583,user583,user583,user583@user.com,Student
user 584,584,user584,user584,user584@user.com,Student
user 585,585,user585,user585,user585@user.com,Student
user 586,586,user586,user586,user586@user.com,Student
user 587,587,user587,user587,user587@user.com,Student
user 588,588,user588,user588,user588@user.com,Student
user 589,589,user589,user589,user589@user.com,Student
user 590,590,user590,user590,user590@user.com,Student
user 591,591,user591,user591,user591@user.com,Student
user 592,592,user592,user592,user592@user.com,Student
user 593,593,user593,user593,user593@user.com,Student
user 594,594,user594,user594,user594@user.com,Student
user 595,595,user595,user595,user595@user.com,Student
user 596,596,user596,user596,user596@user.com,Student
user 597,597,user597,user597,user597@user.com,Student
user 598,598,user598,user598,user598@user.com,Student
user 599,599,user599,user599,user599@user.com,Student
user 600,600,user600,user600,user600@user.com,Student
user 601,601,user601,user601,user601@user.com,Student
user 602,602,user602,user602,user602@user.com,Student
user 603,603,user603,user603,user603@user.com,Student
user 604,604,user604,user604,user604@user.com,Student
user 605,605,user605,user605,user605@user.com,Student
user 606,606,user606,user606,user606@user.com,Student
user 607,607,user607,user607,user607@user.com,Student
user 608,608,user608,user608,user608@user.com,Student
user 609,609,user609,user609,user609@user.com,Student
user 610,610,user610,user610,user610@user.com,Student
user 611,611,user611,user611,user611@user.com,Student
user 612,612,user612,user612,user612@user.com,Student
user 613,613,user613,user613,user613@user.com,Student
user 614,614,user614,user614,user614@user.com,Student
user 615,615,user615,user615,user615@user.com,Student
user 616,616,user616,user616,user616@user.com,Student
user 617,617,user617,user617,user617@user.com,Student
user 618,618,user618,user618,user618@user.com,Student
user 619,619,user619,user619,user619@user.com,Student
user 620,620,user620,user620,user620@user.com,Student
user 621,621,user621,user621,user621@user.com,Student
user 622,622,user622,user622,user622@user.com,Student
user 623,623,user623,user623,user623@user.com,Student
user 624,624,user624,user624,user624@user.com,Student
user 625,625,user625,user625,user625@user.com,Student
user 626,626,user626,user626,user626@user.com,Student
user 627,627,user627,user627,user627@user.com,Student
user 628,628,user628,user628,user628@user.com,Student
user 629,629,user629,user629,user629@user.com,Student
user 630,630,user630,user630,user630@user.com,Student
user 631,631,user631,user631,user631@user.com,Student
user 632,632,user632,user632,user632@user.com,Student
user 633,633,user633,user633,user633@user.com,Student
user 634,634,user634,user634,user634@user.com,Student
user 635,635,user635,user635,user635@user.com,Student
user 636,636,user636,user636,user636@user.com,Student
user 637,637,user637,user637,user637@user.com,Student
user 638,638,user638,user638,user638@user.com,Student
user 639,639,user639,user639,user639@user.com,Student
user 640,640,user640,user640,user640@user.com,Student
user 641,641,user641,user641,user641@user.com,Student
user 642,642,user642,user642,user642@user.com,Student
user 643,643,user643,user643,user643@user.com,Student
user 644,644,user644,user644,user644@user.com,Student
user 645,645,user645,user645,user645@user.com,Student
user 646,646,user646,user646,user646@user.com,Student
user 647,647,user647,user647,user647@user.com,Student
user 648,648,user648,user648,user648@user.com,Student
user 649,649,user649,user649,user649@user.com,Student
user 650,650,user650,user650,user650@user.com,Student
user 651,651,user651,user651,user651@user.com,Student
user 652,652,user652,user652,user652@user.com,Student
user 653,653,user653,user653,user653@user.com,Student
user 654,654,user654,user654,user654@user.com,Student
user 655,655,user655,user655,user655@user.com,Student
user 656,656,user656,user656,user656@user.com,Student
user 657,657,user657,user657,user657@user.com,Student
user 658,658,user658,user658,user658@user.com,Student
user 659,659,user659,user659,user659@user.com,Student
user 660,660,user660,user660,user660@user.com,Student
user 661,661,user661,user661,user661@user.com,Student
user 662,662,user662,user662,user662@user.com,Student
user 663,663,user663,user663,user663@user.com,Student
user 664,664,user664,user664,user664@user.com,Student
user 665,665,user665,user665,user665@user.com,Student
user 666,666,user666,user666,user666@user.com,Student
user 667,667,user667,user667,user667@user.com,Student
user 668,668,user668,user668,user668@user.com,Student
user 669,669,user669,user669,user669@user.com,Student
user 670,670,user670,user670,user670@user.com,Student
user 671,671,user671,user671,user671@user.com,Student
user 672,672,user672,user672,user672@user.com,Student
user 673,673,user673,user673,user673@user.com,Student
user 674,674,user674,user674,user674@user.com,Student
user 675,675,user675,user675,user675@user.com,Student
user 676,676,user676,user676,user676@user.com,Student
user 677,677,user677,user677,user677@user.com,Student
user 678,678,user678,user678,user678@user.com,Student
user 679,679,user679,user679,user679@user.com,Student
user 680,680,user680,user680,user680@user.com,Student
user 681,681,user681,user681,user681@user.com,Student
user 682,682,user682,user682,user682@user.com,Student
user 683,683,user683,user683,user683@user.com,Student
user 684,684,user684,user684,user684@user.com,Student
user 685,685,user685,user685,user685@user.com,Student
user 686,686,user686,user686,user686@user.com,Student
user 687,687,user687,user687,user687@user.com,Student
user 688,688,user688,user688,user688@user.com,Student
user 689,689,user689,user689,user689@user.com,Student
user 690,690,user690,user690,user690@user.com,Student
user 691,691,user691,user691,user691@user.com,Student
user 692,692,user692,user692,user692@user.com,Student
user 693,693,user693,user693,user693@user.com,Student
user 694,694,user694,user694,user694@user.com,Student
user 695,695,user695,user695,user695@user.com,Student
user 696,696,user696,user696,user696@user.com,Student
user 697,697,user697,user697,user697@user.com,Student
user 698,698,user698,user698,user698@user.com,Student
user 699,699,user699,user699,user699@user.com,Student
user 700,700,user700,user700,user700@user.com,Student
user 701,701,user701,user701,user701@user.com,Student
user 702,702,user702,user702,user702@user.com,Student
user 703,703,user703,user703,user703@user.com,Student
user 704,704,user704,user704,user704@user.com,Student
user 705,705,user705,user705,user705@user.com,Student
user 706,706,user706,user706,user706@user.com,Student
user 707,707,user707,user707,user707@user.com,Student
user 708,708,user708,user708,user708@user.com,Student
user 709,709,user709,user709,user709@user.com,Student
user 710,710,user710,user710,user710@user.com,Student
user 711,711,user711,user711,user711@user.com,Student
user 712,712,user712,user712,user712@user.com,Student
user 713,713,user713,user713,user713@user.com,Student
user 714,714,user714,user714,user714@user.com,Student
user 715,715,user715,user715,user715@user.com,Student
user 716,716,user716,user716,user716@user.com,Student
user 717,717,user717,user717,user717@user.com,Student
user 718,718,user718,user718,user718@user.com,Student
user 719,719,user719,user719,user719@user.com,Student
user 720,720,user720,user720,user720@user.com,Student
user 721,721,user721,user721,user721@user.com,Student
user 722,722,user722,user722,user722@user.com,Student
user 723,723,user723,user723,user723@user.com,Student
user 724,724,user724,user724,user724@user.com,Student
user 725,725,user725,user725,user725@user.com,Student
user 726,726,user726,user726,user726@user.com,Student
user 727,727,user727,user727,user727@user.com,Student
user 728,728,user728,user728,user728@user.com,Student
user 729,729,user729,user729,user729@user.com,Student
user 730,730,user730,user730,user730@user.com,Student
user 731,731,user731,user731,user731@user.com,Student
user 732,732,user732,user732,user732@user.com,Student
user 733,733,user733,user733,user733@user.com,Student
user 734,734,user734,user734,user734@user.com,Student
user 735,735,user735,user735,user735@user.com,Student
user 736,736,user736,user736,user736@user.com,Student
user 737,737,user737,user737,user737@user.com,Student
user 738,738,user738,user738,user738@user.com,Student
user 739,739,user739,user739,user739@user.com,Student
user 740,740,user740,user740,user740@user.com,Student
user 741,741,user741,user741,user741@user.com,Student
user 742,742,user742,user742,user742@user.com,Student
user 743,743,user743,user743,user743@user.com,Student
user 744,744,user744,user744,user744@user.com,Student
user 745,745,user745,user745,user745@user.com,Student
user 746,746,user746,user746,user746@user.com,Student
user 747,747,user747,user747,user747@user.com,Student
user 748,748,user748,user748,user748@user.com,Student
user 749,749,user749,user749,user749@user.com,Student
user 750,750,user750,user750,user750@user.com,Student
user 751,751,user751,user751,user751@user.com,Student
user 752,752,user752,user752,user752@user.com,Student
user 753,753,user753,user753,user753@user.com,Student
user 754,754,user754,user754,user754@user.com,Student
user 755,755,user755,user755,user755@user.com,Student
user 756,756,user756,user756,user756@user.com,Student
user 757,757,user757,user757,user757@user.com,Student
user 758,758,user758,user758,user758@user.com,Student
user 759,759,user759,user759,user759@user.com,Student
user 760,760,user760,user760,user760@user.com,Student
user 761,761,user761,user761,user761@user.com,Student
user 762,762,user762,user762,user762@user.com,Student
user 763,763,user763,user763,user763@user.com,Student
user 764,764,user764,user764,user764@user.com,Student
user 765,765,user765,user765,user765@user.com,Student
user 766,766,user766,user766,user766@user.com,Student
user 767,767,user767,user767,user767@user.com,Student
user 768,768,user768,user768,user768@user.com,Student
user 769,769,user769,user769,user769@user.com,Student
user 770,770,user770,user770,user770@user.com,Student
user 771,771,user771,user771,user771@user.com,Student
user 772,772,user772,user772,user772@user.com,Student
user 773,773,user773,user773,user773@user.com,Student
user 774,774,user774,user774,user774@user.com,Student
user 775,775,user775,user775,user775@user.com,Student
user 776,776,user776,user776,user776@user.com,Student
user 777,777,user777,user777,user777@user.com,Student
user 778,778,user778,user778,user778@user.com,Student
user 779,779,user779,user779,user779@user.com,Student
user 780,780,user780,user780,user780@user.com,Student
user 781,781,user781,user781,user781@user.com,Student
user 782,782,user782,user782,user782@user.com,Student
user 783,783,user783,user783,user783@user.com,Student
user 784,784,user784,user784,user784@user.com,Student
user 785,785,user785,user785,user785@user.com,Student
user 786,786,user786,user786,user786@user.com,Student
user 787,787,user787,user787,user787@user.com,Student
user 788,788,user788,user788,user788@user.com,Student
user 789,789,user789,user789,user789@user.com,Student
user 790,790,user790,user790,user790@user.com,Student
user 791,791,user791,user791,user791@user.com,Student
user 792,792,user792,user792,user792@user.com,Student
user 793,793,user793,user793,user793@user.com,Student
user 794,794,user794,user794,user794@user.com,Student
user 795,795,user795,user795,user795@user.com,Student
user 796,796,user796,user796,user796@user.com,Student
user 797,797,user797,user797,user797@user.com,Student
user 798,798,user798,user798,user798@user.com,Student
user 799,799,user799,user799,user799@user.com,Student
user 800,800,user800,user800,user800@user.com,Student
user 801,801,user801,user801,user801@user.com,Student
user 802,802,user802,user802,user802@user.com,Student
user 803,803,user803,user803,user803@user.com,Student
user 804,804,user804,user804,user804@user.com,Student
user 805,805,user805,user805,user805@user.com,Student
user 806,806,user806,user806,user806@user.com,Student
user 807,807,user807,user807,user807@user.com,Student
user 808,808,user808,user808,user808@user.com,Student
user 809,809,user809,user809,user809@user.com,Student
user 810,810,user810,user810,user810@user.com,Student
user 811,811,user811,user811,user811@user.com,Student
user 812,812,user812,user812,user812@user.com,Student
user 813,813,user813,user813,user813@user.com,Student
user 814,814,user814,user814,user814@user.com,Student
user 815,815,user815,user815,user815@user.com,Student
user 816,816,user816,user816,user816@user.com,Student
user 817,817,user817,user817,user817@user.com,Student
user 818,818,user818,user818,user818@user.com,Student
user 819,819,user819,user819,user819@user.com,Student
user 820,820,user820,user820,user820@user.com,Student
user 821,821,user821,user821,user821@user.com,Student
user 822,822,user822,user822,user822@user.com,Student
user 823,823,user823,user823,user823@user.com,Student
user 824,824,user824,user824,user824@user.com,Student
user 825,825,user825,user825,user825@user.com,Student
user 826,826,user826,user826,user826@user.com,Student
user 827,827,user827,user827,user827@user.com,Student
user 828,828,user828,user828,user828@user.com,Student
user 829,829,user829,user829,user829@user.com,Student
user 830,830,user830,user830,user830@user.com,Student
user 831,831,user831,user831,user831@user.com,Student
user 832,832,user832,user832,user832@user.com,Student
user 833,833,user833,user833,user833@user.com,Student
user 834,834,user834,user834,user834@user.com,Student
user 835,835,user835,user835,user835@user.com,Student
user 836,836,user836,user836,user836@user.com,Student
user 837,837,user837,user837,user837@user.com,Student
user 838,838,user838,user838,user838@user.com,Student
user 839,839,user839,user839,user839@user.com,Student
user 840,840,user840,user840,user840@user.com,Student
user 841,841,user841,user841,user841@user.com,Student
user 842,842,user842,user842,user842@user.com,Student
user 843,843,user843,user843,user843@user.com,Student
user 844,844,user844,user844,user844@user.com,Student
user 845,845,user845,user845,user845@user.com,Student
user 846,846,user846,user846,user846@user.com,Student
user 847,847,user847,user847,user847@user.com,Student
user 848,848,user848,user848,user848@user.com,Student
user 849,849,user849,user849,user849@user.com,Student
user 850,850,user850,user850,user850@user.com,Student
user 851,851,user851,user851,user851@user.com,Student
user 852,852,user852,user852,user852@user.com,Student
user 853,853,user853,user853,user853@user.com,Student
user 854,854,user854,user854,user854@user.com,Student
user 855,855,user855,user855,user855@user.com,Student
user 856,856,user856,user856,user856@user.com,Student
user 857,857,user857,user857,user857@user.com,Student
user 858,858,user858,user858,user858@user.com,Student
user 859,859,user859,user859,user859@user.com,Student
user 860,860,user860,user860,user860@user.com,Student
user 861,861,user861,user861,user861@user.com,Student
user 862,862,user862,user862,user862@user.com,Student
user 863,863,user863,user863,user863@user.com,Student
user 864,864,user864,user864,user864@user.com,Student
user 865,865,user865,user865,user865@user.com,Student
user 866,866,user866,user866,user866@user.com,Student
user 867,867,user867,user867,user867@user.com,Student
user 868,868,user868,user868,user868@user.com,Student
user 869,869,user869,user869,user869@user.com,Student
user 870,870,user870,user870,user870@user.com,Student
user 871,871,user871,user871,user871@user.com,Student
user 872,872,user872,user872,user872@user.com,Student
user 873,873,user873,user873,user873@user.com,Student
user 874,874,user874,user874,user874@user.com,Student
user 875,875,user875,user875,user875@user.com,Student
user 876,876,user876,user876,user876@user.com,Student
user 877,877,user877,user877,user877@user.com,Student
user 878,878,user878,user878,user878@user.com,Student
user 879,879,user879,user879,user879@user.com,Student
user 880,880,user880,user880,user880@user.com,Student
user 881,881,user881,user881,user881@user.com,Student
user 882,882,user882,user882,user882@user.com,Student
user 883,883,user883,user883,user883@user.com,Student
user 884,884,user884,user884,user884@user.com,Student
user 885,885,user885,user885,user885@user.com,Student
user 886,886,user886,user886,user886@user.com,Student
user 887,887,user887,user887,user887@user.com,Student
user 888,888,user888,user888,user888@user.com,Student
user 889,889,user889,user889,user889@user.com,Student
user 890,890,user890,user890,user890@user.com,Student
user 891,891,user891,user891,user891@user.com,Student
user 892,892,user892,user892,user892@user.com,Student
user 893,893,user893,user893,user893@user.com,Student
user 894,894,user894,user894,user894@user.com,Student
user 895,895,user895,user895,user895@user.com,Student
user 896,896,user896,user896,user896@user.com,Student
user 897,897,user897,user897,user897@user.com,Student
user 898,898,user898,user898,user898@user.com,Student
user 899,899,user899,user899,user899@user.com,Student
user 900,900,user900,user900,user900@user.com,Student
user 901,901,user901,user901,user901@user.com,Student
user 902,902,user902,user902,user902@user.com,Student
user 903,903,user903,user903,user903@user.com,Student
user 904,904,user904,user904,user904@user.com,Student
user 905,905,user905,user905,user905@user.com,Student
user 906,906,user906,user906,user906@user.com,Student
user 907,907,user907,user907,user907@user.com,Student
user 908,908,user908,user908,user908@user.com,Student
user 909,909,user909,user909,user909@user.com,Student
user 910,910,user910,user910,user910@user.com,Student
user 911,911,user911,user911,user911@user.com,Student
user 912,912,user912,user912,user912@user.com,Student
user 913,913,user913,user913,user913@user.com,Student
user 914,914,user914,user914,user914@user.com,Student
user 915,915,user915,user915,user915@user.com,Student
user 916,916,user916,user916,user916@user.com,Student
user 917,917,user917,user917,user917@user.com,Student
user 918,918,user918,user918,user918@user.com,Student
user 919,919,user919,user919,user919@user.com,Student
user 920,920,user920,user920,user920@user.com,Student
user 921,921,user921,user921,user921@user.com,Student
user 922,922,user922,user922,user922@user.com,Student
user 923,923,user923,user923,user923@user.com,Student
user 924,924,user924,user924,user924@user.com,Student
user 925,925,user925,user925,user925@user.com,Student
user 926,926,user926,user926,user926@user.com,Student
user 927,927,user927,user927,user927@user.com,Student
user 928,928,user928,user928,user928@user.com,Student
user 929,929,user929,user929,user929@user.com,Student
user 930,930,user930,user930,user930@user.com,Student
user 931,931,user931,user931,user931@user.com,Student
user 932,932,user932,user932,user932@user.com,Student
user 933,933,user933,user933,user933@user.com,Student
user 934,934,user934,user934,user934@user.com,Student
user 935,935,user935,user935,user935@user.com,Student
user 936,936,user936,user936,user936@user.com,Student
user 937,937,user937,user937,user937@user.com,Student
user 938,938,user938,user938,user938@user.com,Student
user 939,939,user939,user939,user939@user.com,Student
user 940,940,user940,user940,user940@user.com,Student
user 941,941,user941,user941,user941@user.com,Student
user 942,942,user942,user942,user942@user.com,Student
user 943,943,user943,user943,user943@user.com,Student
user 944,944,user944,user944,user944@user.com,Student
user 945,945,user945,user945,user945@user.com,Student
user 946,946,user946,user946,user946@user.com,Student
user 947,947,user947,user947,user947@user.com,Student
user 948,948,user948,user948,user948@user.com,Student
user 949,949,user949,user949,user949@user.com,Student
user 950,950,user950,user950,user950@user.com,Student
user 951,951,user951,user951,user951@user.com,Student
user 952,952,user952,user952,user952@user.com,Student
user 953,953,user953,user953,user953@user.com,Student
user 954,954,user954,user954,user954@user.com,Student
user 955,955,user955,user955,user955@user.com,Student
user 956,956,user956,user956,user956@user.com,Student
user 957,957,user957,user957,user957@user.com,Student
user 958,958,user958,user958,user958@user.com,Student
user 959,959,user959,user959,user959@user.com,Student
user 960,960,user960,user960,user960@user.com,Student
user 961,961,user961,user961,user961@user.com,Student
user 962,962,user962,user962,user962@user.com,Student
user 963,963,user963,user963,user963@user.com,Student
user 964,964,user964,user964,user964@user.com,Student
user 965,965,user965,user965,user965@user.com,Student
user 966,966,user966,user966,user966@user.com,Student
user 967,967,user967,user967,user967@user.com,Student
user 968,968,user968,user968,user968@user.com,Student
user 969,969,user969,user969,user969@user.com,Student
user 970,970,user970,user970,user970@user.com,Student
user 971,971,user971,user971,user971@user.com,Student
user 972,972,user972,user972,user972@user.com,Student
user 973,973,user973,user973,user973@user.com,Student
user 974,974,user974,user974,user974@user.com,Student
user 975,975,user975,user975,user975@user.com,Student
user 976,976,user976,user976,user976@user.com,Student
user 977,977,user977,user977,user977@user.com,Student
user 978,978,user978,user978,user978@user.com,Student
user 979,979,user979,user979,user979@user.com,Student
user 980,980,user980,user980,user980@user.com,Student
user 981,981,user981,user981,user981@user.com,Student
user 982,982,user982,user982,user982@user.com,Student
user 983,983,user983,user983,user983@user.com,Student
user 984,984,user984,user984,user984@user.com,Student
user 985,985,user985,user985,user985@user.com,Student
user 986,986,user986,user986,user986@user.com,Student
user 987,987,user987,user987,user987@user.com,Student
user 988,988,user988,user988,user988@user.com,Student
user 989,989,user989,user989,user989@user.com,Student
user 990,990,user990,user990,user990@user.com,Student
user 991,991,user991,user991,user991@user.com,Student
user 992,992,user992,user992,user992@user.com,Student
user 993,993,user993,user993,user993@user.com,Student
user 994,994,user994,user994,user994@user.com,Student
user 995,995,user995,user995,user995@user.com,Student
user 996,996,user996,user996,user996@user.com,Student
user 997,997,user997,user997,user997@user.com,Student
user 998,998,user998,user998,user998@user.com,Student
user 999,999,user999,user999,user999@user.com,Student
